{
    "assetCategories": {
        "3D asset": {
            "nature": {
                "rock": {
                    "boulder": {},
                    "sandstone": {}
                }
            }
        }
    },
    "averageColor": "#716758",
    "brushes": [],
    "categories": [
        "3d",
        "nature",
        "rock"
    ],
    "comp_version": 1,
    "displacement_bias_tier1": 0.933207,
    "displacement_scale_tier1": 23.708141,
    "environment": {
        "biome": "desert biome",
        "region": "Asia"
    },
    "highest_available_res": 8192,
    "id": "vmiefjc",
    "is_uefn_compatible": true,
    "json": {
        "contentLength": 23728,
        "uri": "vmiefjc.json"
    },
    "maps": [
        {
            "bitDepth": 8,
            "colorspace": "linear",
            "contentLength": 57766747,
            "mimeType": "image/x-exr",
            "name": "Ao",
            "resolution": "8192x8192",
            "tier": 0,
            "type": "ao",
            "uri": "tier_0/vmiefjc_8K_AO.exr"
        },
        {
            "bitDepth": 8,
            "colorspace": "linear",
            "contentLength": 33385360,
            "mimeType": "image/jpeg",
            "name": "Ao",
            "resolution": "8192x8192",
            "tier": 0,
            "type": "ao",
            "uri": "tier_0/vmiefjc_8K_AO.jpg"
        },
        {
            "averageColor": "#716758",
            "bitDepth": 16,
            "colorSpace": "sRGB",
            "contentLength": 216505942,
            "maxIntensity": 133,
            "mimeType": "image/x-exr",
            "minIntensity": 74,
            "name": "Basecolor",
            "physicalSize": "1x1",
            "resolution": "8192x8192",
            "tier": 0,
            "type": "basecolor",
            "uri": "tier_0/vmiefjc_8K_Basecolor.exr"
        },
        {
            "averageColor": "#716758",
            "bitDepth": 8,
            "colorSpace": "sRGB",
            "contentLength": 43017050,
            "maxIntensity": 133,
            "mimeType": "image/jpeg",
            "minIntensity": 74,
            "name": "Basecolor",
            "physicalSize": "1x1",
            "resolution": "8192x8192",
            "tier": 0,
            "type": "basecolor",
            "uri": "tier_0/vmiefjc_8K_Basecolor.jpg"
        },
        {
            "averageColor": "#8180FB",
            "bitDepth": 32,
            "colorSpace": "Linear",
            "contentLength": 176861704,
            "maxIntensity": 174,
            "mimeType": "image/x-exr",
            "minIntensity": 109,
            "name": "Bump",
            "physicalSize": "1x1",
            "resolution": "8192x8192",
            "tier": 0,
            "type": "bump",
            "uri": "tier_0/vmiefjc_8K_Bump.exr"
        },
        {
            "averageColor": "#8180FB",
            "bitDepth": 8,
            "colorSpace": "Linear",
            "contentLength": 9134323,
            "maxIntensity": 174,
            "mimeType": "image/jpeg",
            "minIntensity": 109,
            "name": "Bump",
            "physicalSize": "1x1",
            "resolution": "8192x8192",
            "tier": 0,
            "type": "bump",
            "uri": "tier_0/vmiefjc_8K_Bump.jpg"
        },
        {
            "averageColor": "#F2F2F2",
            "bitDepth": 32,
            "colorSpace": "sRGB",
            "contentLength": 181900026,
            "maxIntensity": 255,
            "mimeType": "image/x-exr",
            "minIntensity": 199,
            "name": "Cavity",
            "physicalSize": "1x1",
            "resolution": "8192x8192",
            "tier": 0,
            "type": "cavity",
            "uri": "tier_0/vmiefjc_8K_Cavity.exr"
        },
        {
            "averageColor": "#F2F2F2",
            "bitDepth": 8,
            "colorSpace": "sRGB",
            "contentLength": 38056391,
            "maxIntensity": 255,
            "mimeType": "image/jpeg",
            "minIntensity": 199,
            "name": "Cavity",
            "physicalSize": "1x1",
            "resolution": "8192x8192",
            "tier": 0,
            "type": "cavity",
            "uri": "tier_0/vmiefjc_8K_Cavity.jpg"
        },
        {
            "averageColor": "#151515",
            "bitDepth": 32,
            "colorSpace": "Linear",
            "contentLength": 167326605,
            "maxIntensity": 30,
            "mimeType": "image/x-exr",
            "minIntensity": 13,
            "name": "Gloss",
            "physicalSize": "1x1",
            "resolution": "8192x8192",
            "tier": 0,
            "type": "gloss",
            "uri": "tier_0/vmiefjc_8K_Gloss.exr"
        },
        {
            "averageColor": "#151515",
            "bitDepth": 8,
            "colorSpace": "Linear",
            "contentLength": 27369079,
            "maxIntensity": 30,
            "mimeType": "image/jpeg",
            "minIntensity": 13,
            "name": "Gloss",
            "physicalSize": "1x1",
            "resolution": "8192x8192",
            "tier": 0,
            "type": "gloss",
            "uri": "tier_0/vmiefjc_8K_Gloss.jpg"
        },
        {
            "bitDepth": 16,
            "colorspace": "linear",
            "contentLength": 164289680,
            "mimeType": "image/x-exr",
            "name": "Normal",
            "resolution": "8192x8192",
            "tier": 0,
            "type": "normal",
            "uri": "tier_0/vmiefjc_8K_Normal.exr"
        },
        {
            "bitDepth": 8,
            "colorspace": "linear",
            "contentLength": 52764216,
            "mimeType": "image/jpeg",
            "name": "Normal",
            "resolution": "8192x8192",
            "tier": 0,
            "type": "normal",
            "uri": "tier_0/vmiefjc_8K_Normal.jpg"
        },
        {
            "averageColor": "#EBEBEB",
            "bitDepth": 32,
            "colorSpace": "Linear",
            "contentLength": 136506414,
            "maxIntensity": 244,
            "mimeType": "image/x-exr",
            "minIntensity": 223,
            "name": "Roughness",
            "physicalSize": "1x1",
            "resolution": "8192x8192",
            "tier": 0,
            "type": "roughness",
            "uri": "tier_0/vmiefjc_8K_Roughness.exr"
        },
        {
            "averageColor": "#EBEBEB",
            "bitDepth": 8,
            "colorSpace": "Linear",
            "contentLength": 26498439,
            "maxIntensity": 244,
            "mimeType": "image/jpeg",
            "minIntensity": 223,
            "name": "Roughness",
            "physicalSize": "1x1",
            "resolution": "8192x8192",
            "tier": 0,
            "type": "roughness",
            "uri": "tier_0/vmiefjc_8K_Roughness.jpg"
        },
        {
            "averageColor": "#323232",
            "bitDepth": 16,
            "colorSpace": "sRGB",
            "contentLength": 192575187,
            "maxIntensity": 55,
            "mimeType": "image/x-exr",
            "minIntensity": 39,
            "name": "Specular",
            "physicalSize": "1x1",
            "resolution": "8192x8192",
            "tier": 0,
            "type": "specular",
            "uri": "tier_0/vmiefjc_8K_Specular.exr"
        },
        {
            "averageColor": "#323232",
            "bitDepth": 8,
            "colorSpace": "sRGB",
            "contentLength": 21829941,
            "maxIntensity": 55,
            "mimeType": "image/jpeg",
            "minIntensity": 39,
            "name": "Specular",
            "physicalSize": "1x1",
            "resolution": "8192x8192",
            "tier": 0,
            "type": "specular",
            "uri": "tier_0/vmiefjc_8K_Specular.jpg"
        },
        {
            "bitDepth": 8,
            "colorspace": "linear",
            "contentLength": 57766747,
            "mimeType": "image/x-exr",
            "name": "Ao",
            "resolution": "8192x8192",
            "tier": 1,
            "type": "ao",
            "uri": "tier_1/vmiefjc_8K_AO.exr"
        },
        {
            "bitDepth": 8,
            "colorspace": "linear",
            "contentLength": 33385360,
            "mimeType": "image/jpeg",
            "name": "Ao",
            "resolution": "8192x8192",
            "tier": 1,
            "type": "ao",
            "uri": "tier_1/vmiefjc_8K_AO.jpg"
        },
        {
            "averageColor": "#716758",
            "bitDepth": 16,
            "colorSpace": "sRGB",
            "contentLength": 216505942,
            "maxIntensity": 133,
            "mimeType": "image/x-exr",
            "minIntensity": 74,
            "name": "Basecolor",
            "physicalSize": "1x1",
            "resolution": "8192x8192",
            "tier": 1,
            "type": "basecolor",
            "uri": "tier_1/vmiefjc_8K_Basecolor.exr"
        },
        {
            "averageColor": "#716758",
            "bitDepth": 8,
            "colorSpace": "sRGB",
            "contentLength": 43017050,
            "maxIntensity": 133,
            "mimeType": "image/jpeg",
            "minIntensity": 74,
            "name": "Basecolor",
            "physicalSize": "1x1",
            "resolution": "8192x8192",
            "tier": 1,
            "type": "basecolor",
            "uri": "tier_1/vmiefjc_8K_Basecolor.jpg"
        },
        {
            "averageColor": "#8180FB",
            "bitDepth": 32,
            "colorSpace": "Linear",
            "contentLength": 176861704,
            "maxIntensity": 174,
            "mimeType": "image/x-exr",
            "minIntensity": 109,
            "name": "Bump",
            "physicalSize": "1x1",
            "resolution": "8192x8192",
            "tier": 1,
            "type": "bump",
            "uri": "tier_1/vmiefjc_8K_Bump.exr"
        },
        {
            "averageColor": "#8180FB",
            "bitDepth": 8,
            "colorSpace": "Linear",
            "contentLength": 9134323,
            "maxIntensity": 174,
            "mimeType": "image/jpeg",
            "minIntensity": 109,
            "name": "Bump",
            "physicalSize": "1x1",
            "resolution": "8192x8192",
            "tier": 1,
            "type": "bump",
            "uri": "tier_1/vmiefjc_8K_Bump.jpg"
        },
        {
            "averageColor": "#F2F2F2",
            "bitDepth": 32,
            "colorSpace": "sRGB",
            "contentLength": 181900026,
            "maxIntensity": 255,
            "mimeType": "image/x-exr",
            "minIntensity": 199,
            "name": "Cavity",
            "physicalSize": "1x1",
            "resolution": "8192x8192",
            "tier": 1,
            "type": "cavity",
            "uri": "tier_1/vmiefjc_8K_Cavity.exr"
        },
        {
            "averageColor": "#F2F2F2",
            "bitDepth": 8,
            "colorSpace": "sRGB",
            "contentLength": 38056391,
            "maxIntensity": 255,
            "mimeType": "image/jpeg",
            "minIntensity": 199,
            "name": "Cavity",
            "physicalSize": "1x1",
            "resolution": "8192x8192",
            "tier": 1,
            "type": "cavity",
            "uri": "tier_1/vmiefjc_8K_Cavity.jpg"
        },
        {
            "averageColor": "#828282",
            "bitDepth": 32,
            "colorSpace": "Linear",
            "contentLength": 267222991,
            "maxIntensity": 133,
            "mimeType": "image/x-exr",
            "minIntensity": 123,
            "name": "Displacement",
            "physicalSize": "1x1",
            "resolution": "8192x8192",
            "tier": 1,
            "type": "displacement",
            "uri": "tier_1/vmiefjc_8K_Displacement.exr"
        },
        {
            "averageColor": "#828282",
            "bitDepth": 8,
            "colorSpace": "Linear",
            "contentLength": 1992940,
            "maxIntensity": 133,
            "mimeType": "image/jpeg",
            "minIntensity": 123,
            "name": "Displacement",
            "physicalSize": "1x1",
            "resolution": "8192x8192",
            "tier": 1,
            "type": "displacement",
            "uri": "tier_1/vmiefjc_8K_Displacement.jpg"
        },
        {
            "averageColor": "#151515",
            "bitDepth": 32,
            "colorSpace": "Linear",
            "contentLength": 167326605,
            "maxIntensity": 30,
            "mimeType": "image/x-exr",
            "minIntensity": 13,
            "name": "Gloss",
            "physicalSize": "1x1",
            "resolution": "8192x8192",
            "tier": 1,
            "type": "gloss",
            "uri": "tier_1/vmiefjc_8K_Gloss.exr"
        },
        {
            "averageColor": "#151515",
            "bitDepth": 8,
            "colorSpace": "Linear",
            "contentLength": 27369079,
            "maxIntensity": 30,
            "mimeType": "image/jpeg",
            "minIntensity": 13,
            "name": "Gloss",
            "physicalSize": "1x1",
            "resolution": "8192x8192",
            "tier": 1,
            "type": "gloss",
            "uri": "tier_1/vmiefjc_8K_Gloss.jpg"
        },
        {
            "bitDepth": 16,
            "colorspace": "linear",
            "contentLength": 95986207,
            "mimeType": "image/x-exr",
            "name": "Normal",
            "resolution": "8192x8192",
            "tier": 1,
            "type": "normal",
            "uri": "tier_1/vmiefjc_8K_Normal.exr"
        },
        {
            "bitDepth": 8,
            "colorspace": "linear",
            "contentLength": 59898520,
            "mimeType": "image/jpeg",
            "name": "Normal",
            "resolution": "8192x8192",
            "tier": 1,
            "type": "normal",
            "uri": "tier_1/vmiefjc_8K_Normal.jpg"
        },
        {
            "averageColor": "#EBEBEB",
            "bitDepth": 32,
            "colorSpace": "Linear",
            "contentLength": 136506414,
            "maxIntensity": 244,
            "mimeType": "image/x-exr",
            "minIntensity": 223,
            "name": "Roughness",
            "physicalSize": "1x1",
            "resolution": "8192x8192",
            "tier": 1,
            "type": "roughness",
            "uri": "tier_1/vmiefjc_8K_Roughness.exr"
        },
        {
            "averageColor": "#EBEBEB",
            "bitDepth": 8,
            "colorSpace": "Linear",
            "contentLength": 26498439,
            "maxIntensity": 244,
            "mimeType": "image/jpeg",
            "minIntensity": 223,
            "name": "Roughness",
            "physicalSize": "1x1",
            "resolution": "8192x8192",
            "tier": 1,
            "type": "roughness",
            "uri": "tier_1/vmiefjc_8K_Roughness.jpg"
        },
        {
            "averageColor": "#323232",
            "bitDepth": 16,
            "colorSpace": "sRGB",
            "contentLength": 192575187,
            "maxIntensity": 55,
            "mimeType": "image/x-exr",
            "minIntensity": 39,
            "name": "Specular",
            "physicalSize": "1x1",
            "resolution": "8192x8192",
            "tier": 1,
            "type": "specular",
            "uri": "tier_1/vmiefjc_8K_Specular.exr"
        },
        {
            "averageColor": "#323232",
            "bitDepth": 8,
            "colorSpace": "sRGB",
            "contentLength": 21829941,
            "maxIntensity": 55,
            "mimeType": "image/jpeg",
            "minIntensity": 39,
            "name": "Specular",
            "physicalSize": "1x1",
            "resolution": "8192x8192",
            "tier": 1,
            "type": "specular",
            "uri": "tier_1/vmiefjc_8K_Specular.jpg"
        },
        {
            "bitDepth": 8,
            "colorspace": "linear",
            "contentLength": 57766747,
            "mimeType": "image/x-exr",
            "name": "Ao",
            "resolution": "8192x8192",
            "tier": 2,
            "type": "ao",
            "uri": "tier_2/vmiefjc_8K_AO.exr"
        },
        {
            "bitDepth": 8,
            "colorspace": "linear",
            "contentLength": 33385360,
            "mimeType": "image/jpeg",
            "name": "Ao",
            "resolution": "8192x8192",
            "tier": 2,
            "type": "ao",
            "uri": "tier_2/vmiefjc_8K_AO.jpg"
        },
        {
            "averageColor": "#716758",
            "bitDepth": 16,
            "colorSpace": "sRGB",
            "contentLength": 216505942,
            "maxIntensity": 133,
            "mimeType": "image/x-exr",
            "minIntensity": 74,
            "name": "Basecolor",
            "physicalSize": "1x1",
            "resolution": "8192x8192",
            "tier": 2,
            "type": "basecolor",
            "uri": "tier_2/vmiefjc_8K_Basecolor.exr"
        },
        {
            "averageColor": "#716758",
            "bitDepth": 8,
            "colorSpace": "sRGB",
            "contentLength": 43017050,
            "maxIntensity": 133,
            "mimeType": "image/jpeg",
            "minIntensity": 74,
            "name": "Basecolor",
            "physicalSize": "1x1",
            "resolution": "8192x8192",
            "tier": 2,
            "type": "basecolor",
            "uri": "tier_2/vmiefjc_8K_Basecolor.jpg"
        },
        {
            "averageColor": "#8180FB",
            "bitDepth": 32,
            "colorSpace": "Linear",
            "contentLength": 176861704,
            "maxIntensity": 174,
            "mimeType": "image/x-exr",
            "minIntensity": 109,
            "name": "Bump",
            "physicalSize": "1x1",
            "resolution": "8192x8192",
            "tier": 2,
            "type": "bump",
            "uri": "tier_2/vmiefjc_8K_Bump.exr"
        },
        {
            "averageColor": "#8180FB",
            "bitDepth": 8,
            "colorSpace": "Linear",
            "contentLength": 9134323,
            "maxIntensity": 174,
            "mimeType": "image/jpeg",
            "minIntensity": 109,
            "name": "Bump",
            "physicalSize": "1x1",
            "resolution": "8192x8192",
            "tier": 2,
            "type": "bump",
            "uri": "tier_2/vmiefjc_8K_Bump.jpg"
        },
        {
            "averageColor": "#F2F2F2",
            "bitDepth": 32,
            "colorSpace": "sRGB",
            "contentLength": 181900026,
            "maxIntensity": 255,
            "mimeType": "image/x-exr",
            "minIntensity": 199,
            "name": "Cavity",
            "physicalSize": "1x1",
            "resolution": "8192x8192",
            "tier": 2,
            "type": "cavity",
            "uri": "tier_2/vmiefjc_8K_Cavity.exr"
        },
        {
            "averageColor": "#F2F2F2",
            "bitDepth": 8,
            "colorSpace": "sRGB",
            "contentLength": 38056391,
            "maxIntensity": 255,
            "mimeType": "image/jpeg",
            "minIntensity": 199,
            "name": "Cavity",
            "physicalSize": "1x1",
            "resolution": "8192x8192",
            "tier": 2,
            "type": "cavity",
            "uri": "tier_2/vmiefjc_8K_Cavity.jpg"
        },
        {
            "averageColor": "#151515",
            "bitDepth": 32,
            "colorSpace": "Linear",
            "contentLength": 167326605,
            "maxIntensity": 30,
            "mimeType": "image/x-exr",
            "minIntensity": 13,
            "name": "Gloss",
            "physicalSize": "1x1",
            "resolution": "8192x8192",
            "tier": 2,
            "type": "gloss",
            "uri": "tier_2/vmiefjc_8K_Gloss.exr"
        },
        {
            "averageColor": "#151515",
            "bitDepth": 8,
            "colorSpace": "Linear",
            "contentLength": 27369079,
            "maxIntensity": 30,
            "mimeType": "image/jpeg",
            "minIntensity": 13,
            "name": "Gloss",
            "physicalSize": "1x1",
            "resolution": "8192x8192",
            "tier": 2,
            "type": "gloss",
            "uri": "tier_2/vmiefjc_8K_Gloss.jpg"
        },
        {
            "bitDepth": 16,
            "colorspace": "linear",
            "contentLength": 170625222,
            "mimeType": "image/x-exr",
            "name": "Normal",
            "resolution": "8192x8192",
            "tier": 2,
            "type": "normal",
            "uri": "tier_2/vmiefjc_8K_Normal.exr"
        },
        {
            "bitDepth": 8,
            "colorspace": "linear",
            "contentLength": 52634853,
            "mimeType": "image/jpeg",
            "name": "Normal",
            "resolution": "8192x8192",
            "tier": 2,
            "type": "normal",
            "uri": "tier_2/vmiefjc_8K_Normal.jpg"
        },
        {
            "averageColor": "#EBEBEB",
            "bitDepth": 32,
            "colorSpace": "Linear",
            "contentLength": 136506414,
            "maxIntensity": 244,
            "mimeType": "image/x-exr",
            "minIntensity": 223,
            "name": "Roughness",
            "physicalSize": "1x1",
            "resolution": "8192x8192",
            "tier": 2,
            "type": "roughness",
            "uri": "tier_2/vmiefjc_8K_Roughness.exr"
        },
        {
            "averageColor": "#EBEBEB",
            "bitDepth": 8,
            "colorSpace": "Linear",
            "contentLength": 26498439,
            "maxIntensity": 244,
            "mimeType": "image/jpeg",
            "minIntensity": 223,
            "name": "Roughness",
            "physicalSize": "1x1",
            "resolution": "8192x8192",
            "tier": 2,
            "type": "roughness",
            "uri": "tier_2/vmiefjc_8K_Roughness.jpg"
        },
        {
            "averageColor": "#323232",
            "bitDepth": 16,
            "colorSpace": "sRGB",
            "contentLength": 192575187,
            "maxIntensity": 55,
            "mimeType": "image/x-exr",
            "minIntensity": 39,
            "name": "Specular",
            "physicalSize": "1x1",
            "resolution": "8192x8192",
            "tier": 2,
            "type": "specular",
            "uri": "tier_2/vmiefjc_8K_Specular.exr"
        },
        {
            "averageColor": "#323232",
            "bitDepth": 8,
            "colorSpace": "sRGB",
            "contentLength": 21829941,
            "maxIntensity": 55,
            "mimeType": "image/jpeg",
            "minIntensity": 39,
            "name": "Specular",
            "physicalSize": "1x1",
            "resolution": "8192x8192",
            "tier": 2,
            "type": "specular",
            "uri": "tier_2/vmiefjc_8K_Specular.jpg"
        },
        {
            "bitDepth": 8,
            "colorspace": "linear",
            "contentLength": 7973102,
            "mimeType": "image/jpeg",
            "name": "Ao",
            "resolution": "4096x4096",
            "tier": 3,
            "type": "ao",
            "uri": "tier_3/vmiefjc_4K_AO.jpg"
        },
        {
            "averageColor": "#716758",
            "bitDepth": 8,
            "colorSpace": "sRGB",
            "contentLength": 9645239,
            "maxIntensity": 133,
            "mimeType": "image/jpeg",
            "minIntensity": 74,
            "name": "Basecolor",
            "physicalSize": "1x1",
            "resolution": "4096x4096",
            "tier": 3,
            "type": "basecolor",
            "uri": "tier_3/vmiefjc_4K_Basecolor.jpg"
        },
        {
            "bitDepth": 8,
            "colorspace": "linear",
            "contentLength": 13582673,
            "mimeType": "image/jpeg",
            "name": "Normal",
            "resolution": "4096x4096",
            "tier": 3,
            "type": "normal",
            "uri": "tier_3/vmiefjc_4K_Normal.jpg"
        },
        {
            "averageColor": "#EBEBEB",
            "bitDepth": 8,
            "colorSpace": "Linear",
            "contentLength": 6782734,
            "maxIntensity": 244,
            "mimeType": "image/jpeg",
            "minIntensity": 223,
            "name": "Roughness",
            "physicalSize": "1x1",
            "resolution": "4096x4096",
            "tier": 3,
            "type": "roughness",
            "uri": "tier_3/vmiefjc_4K_Roughness.jpg"
        }
    ],
    "meta": [
        {
            "key": "assembly",
            "name": "Assembly",
            "value": "false"
        },
        {
            "key": "small3dasset",
            "name": "Small3dAsset",
            "value": "false"
        },
        {
            "key": "color",
            "name": "Color",
            "value": "Brown"
        },
        {
            "key": "points",
            "name": "Points",
            "value": 4
        },
        {
            "key": "texelDensity",
            "name": "Texel Density",
            "value": "21 px/m"
        },
        {
            "key": "splitSubmeshes",
            "name": "Split Submeshes",
            "value": true
        },
        {
            "key": "isScaleFixed",
            "name": "Is scale fixed",
            "value": "true"
        },
        {
            "key": "length",
            "name": "Length",
            "value": "0.81m"
        },
        {
            "key": "width",
            "name": "Width",
            "value": "0.57m"
        },
        {
            "key": "height",
            "name": "Height",
            "value": "0.6m"
        }
    ],
    "models": [
        {
            "contentLength": 64764032,
            "mimeType": "application/x-fbx",
            "tier": 0,
            "tris": 999999,
            "uri": "tier_0/vmiefjc.fbx"
        },
        {
            "contentLength": 695776,
            "mimeType": "application/x-fbx",
            "tier": 1,
            "tris": 15057,
            "uri": "tier_1/vmiefjc.fbx"
        },
        {
            "contentLength": 176400,
            "mimeType": "application/x-fbx",
            "tier": 2,
            "tris": 3755,
            "uri": "tier_2/vmiefjc.fbx"
        },
        {
            "contentLength": 134256,
            "mimeType": "application/x-fbx",
            "tier": 3,
            "tris": 1093,
            "uri": "tier_3/vmiefjc.fbx"
        },
        {
            "contentLength": 693929956,
            "mimeType": "application/x-ztl",
            "uri": "tier_0/vmiefjc_ZTool.ztl"
        }
    ],
    "name": "Sandstone Boulder",
    "pack": {
        "_id": "xeric-shrublands",
        "name": "Xeric Shrublands"
    },
    "physicalSize": "1x1",
    "points": 4,
    "previews": {
        "images": [
            {
                "contentLength": 2328360,
                "content_length": 118306,
                "resolution": "1920x1080",
                "uri": "vmiefjc_preview.png"
            }
        ],
        "relativeSize": "2x1"
    },
    "process_date": "2023-11-22 15:26:22",
    "properties": [
        {
            "key": "size",
            "value": "large"
        },
        {
            "key": "mesh type",
            "value": "Closed"
        }
    ],
    "referencePreviews": {
        "maps": [],
        "models": [
            {
                "contentLength": 705520,
                "mimeType": "application/x-fbx",
                "tris": 15057,
                "uri": "vmiefjc_layout.fbx"
            }
        ]
    },
    "references": [],
    "revised": false,
    "revision": 0,
    "semanticTags": {
        "3d_mesh": "Closed",
        "architectural_style": {},
        "asset_type": "3D asset",
        "color": [
            "Brown",
            "Yellow"
        ],
        "contains": [
            "Rock",
            "boulder",
            "mudstone"
        ],
        "country": "Pakistan",
        "descriptive": [
            "Rough",
            "Weathered",
            "rounded",
            "dull",
            "eroded",
            "dirty",
            "dry"
        ],
        "environment": [
            "desert biome"
        ],
        "industry": [
            "archviz",
            "games",
            "VFX"
        ],
        "interior_exterior": [
            "exterior"
        ],
        "locations": {
            "Asia": {
                "Pakistan": {}
            }
        },
        "maxSize": 0.81,
        "minSize": 0.57,
        "name": "Sandstone Boulder",
        "region": "Asia",
        "resolution": 8192,
        "state": [
            "old"
        ],
        "subject_matter": "nature",
        "theme": [
            "Arid",
            "Deserts",
            "Nature",
            "Outdoors",
            "landscapes",
            "Moorland",
            "Shrublands",
            "Exteriors",
            "deserts",
            "hills",
            "xeric-shrublands"
        ]
    },
    "tags": [
        "brown",
        "yellow",
        "outdoors",
        "exteriors",
        "desert",
        "xeric",
        "rock",
        "stone",
        "rough",
        "weathered",
        "small",
        "rounded",
        "dull",
        "eroded",
        "dirty"
    ],
    "texelDensity": 5661,
    "texture_type": "basic",
    "ue_plugin_archives": [
        {
            "contentLength": 280013225,
            "gltfVersion": "2.0",
            "tier": 0,
            "type": "gltf",
            "uri": "ue_plugin_archives/tier_0/vmiefjc_tier_0.zip",
            "version": 1
        },
        {
            "contentLength": 74472868,
            "gltfVersion": "2.0",
            "tier": 1,
            "type": "gltf",
            "uri": "ue_plugin_archives/tier_1/vmiefjc_tier_1.zip",
            "version": 1
        },
        {
            "contentLength": 19416651,
            "gltfVersion": "2.0",
            "tier": 2,
            "type": "gltf",
            "uri": "ue_plugin_archives/tier_2/vmiefjc_tier_2.zip",
            "version": 1
        },
        {
            "contentLength": 1559543,
            "gltfVersion": "2.0",
            "tier": 3,
            "type": "gltf",
            "uri": "ue_plugin_archives/tier_3/vmiefjc_tier_3.zip",
            "version": 1
        }
    ],
    "version": 2
}