{
    "assetCategories": {
        "3D asset": {
            "historical": {
                "medieval": {
                    "weapon": {}
                }
            },
            "props": {
                "weaponry": {}
            }
        }
    },
    "averageColor": "#261D16",
    "brushes": [],
    "categories": [
        "3d",
        "other",
        "various"
    ],
    "comp_version": 1,
    "displacement_bias_tier1": 0.162965,
    "displacement_scale_tier1": 0.463248,
    "environment": {
        "biome": "undefined",
        "region": "Europe"
    },
    "highest_available_res": 8192,
    "id": "uitlbiaga",
    "is_uefn_compatible": true,
    "json": {
        "contentLength": 37574,
        "uri": "uitlbiaga/uitlbiaga.json"
    },
    "maps": [
        {
            "bitDepth": 8,
            "colorspace": "linear",
            "contentLength": 27713602,
            "mimeType": "image/x-exr",
            "name": "Ao",
            "resolution": "8192x8192",
            "tier": 0,
            "type": "ao",
            "uri": "tier_0/uitlbiaga_8K_AO.exr"
        },
        {
            "bitDepth": 8,
            "colorspace": "linear",
            "contentLength": 11905865,
            "mimeType": "image/jpeg",
            "name": "Ao",
            "resolution": "8192x8192",
            "tier": 0,
            "type": "ao",
            "uri": "tier_0/uitlbiaga_8K_AO.jpg"
        },
        {
            "bitDepth": 16,
            "colorspace": "sRGB",
            "contentLength": 247252365,
            "mimeType": "image/x-exr",
            "name": "Basecolor",
            "resolution": "8192x8192",
            "tier": 0,
            "type": "basecolor",
            "uri": "tier_0/uitlbiaga_8K_Basecolor.exr"
        },
        {
            "bitDepth": 8,
            "colorspace": "sRGB",
            "contentLength": 41004470,
            "mimeType": "image/jpeg",
            "name": "Basecolor",
            "resolution": "8192x8192",
            "tier": 0,
            "type": "basecolor",
            "uri": "tier_0/uitlbiaga_8K_Basecolor.jpg"
        },
        {
            "bitDepth": 32,
            "colorspace": "linear",
            "contentLength": 176652268,
            "mimeType": "image/x-exr",
            "name": "Bump",
            "resolution": "8192x8192",
            "tier": 0,
            "type": "bump",
            "uri": "tier_0/uitlbiaga_8K_Bump.exr"
        },
        {
            "bitDepth": 8,
            "colorspace": "linear",
            "contentLength": 9149827,
            "mimeType": "image/jpeg",
            "name": "Bump",
            "resolution": "8192x8192",
            "tier": 0,
            "type": "bump",
            "uri": "tier_0/uitlbiaga_8K_Bump.jpg"
        },
        {
            "bitDepth": 32,
            "colorspace": "linear",
            "contentLength": 168057459,
            "mimeType": "image/x-exr",
            "name": "Cavity",
            "resolution": "8192x8192",
            "tier": 0,
            "type": "cavity",
            "uri": "tier_0/uitlbiaga_8K_Cavity.exr"
        },
        {
            "bitDepth": 8,
            "colorspace": "linear",
            "contentLength": 20459147,
            "mimeType": "image/jpeg",
            "name": "Cavity",
            "resolution": "8192x8192",
            "tier": 0,
            "type": "cavity",
            "uri": "tier_0/uitlbiaga_8K_Cavity.jpg"
        },
        {
            "bitDepth": 16,
            "colorspace": "sRGB",
            "contentLength": 236854028,
            "mimeType": "image/x-exr",
            "name": "Diffuse",
            "resolution": "8192x8192",
            "tier": 0,
            "type": "diffuse",
            "uri": "tier_0/uitlbiaga_8K_Diffuse.exr"
        },
        {
            "bitDepth": 8,
            "colorspace": "sRGB",
            "contentLength": 28886883,
            "mimeType": "image/jpeg",
            "name": "Diffuse",
            "resolution": "8192x8192",
            "tier": 0,
            "type": "diffuse",
            "uri": "tier_0/uitlbiaga_8K_Diffuse.jpg"
        },
        {
            "bitDepth": 16,
            "colorspace": "linear",
            "contentLength": 189088291,
            "mimeType": "image/x-exr",
            "name": "Metalness",
            "resolution": "8192x8192",
            "tier": 0,
            "type": "metalness",
            "uri": "tier_0/uitlbiaga_8K_Metalness.exr"
        },
        {
            "bitDepth": 8,
            "colorspace": "linear",
            "contentLength": 32339282,
            "mimeType": "image/jpeg",
            "name": "Metalness",
            "resolution": "8192x8192",
            "tier": 0,
            "type": "metalness",
            "uri": "tier_0/uitlbiaga_8K_Metalness.jpg"
        },
        {
            "bitDepth": 16,
            "colorspace": "linear",
            "contentLength": 86444848,
            "mimeType": "image/x-exr",
            "name": "Normal",
            "resolution": "8192x8192",
            "tier": 0,
            "type": "normal",
            "uri": "tier_0/uitlbiaga_8K_Normal.exr"
        },
        {
            "bitDepth": 8,
            "colorspace": "linear",
            "contentLength": 21326835,
            "mimeType": "image/jpeg",
            "name": "Normal",
            "resolution": "8192x8192",
            "tier": 0,
            "type": "normal",
            "uri": "tier_0/uitlbiaga_8K_Normal.jpg"
        },
        {
            "bitDepth": 16,
            "colorspace": "linear",
            "contentLength": 211502418,
            "mimeType": "image/x-exr",
            "name": "Roughness",
            "resolution": "8192x8192",
            "tier": 0,
            "type": "roughness",
            "uri": "tier_0/uitlbiaga_8K_Roughness.exr"
        },
        {
            "bitDepth": 8,
            "colorspace": "linear",
            "contentLength": 40637069,
            "mimeType": "image/jpeg",
            "name": "Roughness",
            "resolution": "8192x8192",
            "tier": 0,
            "type": "roughness",
            "uri": "tier_0/uitlbiaga_8K_Roughness.jpg"
        },
        {
            "bitDepth": 16,
            "colorspace": "linear",
            "contentLength": 245288326,
            "mimeType": "image/x-exr",
            "name": "Specular",
            "resolution": "8192x8192",
            "tier": 0,
            "type": "specular",
            "uri": "tier_0/uitlbiaga_8K_Specular.exr"
        },
        {
            "bitDepth": 8,
            "colorspace": "linear",
            "contentLength": 35653402,
            "mimeType": "image/jpeg",
            "name": "Specular",
            "resolution": "8192x8192",
            "tier": 0,
            "type": "specular",
            "uri": "tier_0/uitlbiaga_8K_Specular.jpg"
        },
        {
            "bitDepth": 8,
            "colorspace": "linear",
            "contentLength": 27713602,
            "mimeType": "image/x-exr",
            "name": "Ao",
            "resolution": "8192x8192",
            "tier": 1,
            "type": "ao",
            "uri": "tier_1/uitlbiaga_8K_AO.exr"
        },
        {
            "bitDepth": 8,
            "colorspace": "linear",
            "contentLength": 11905865,
            "mimeType": "image/jpeg",
            "name": "Ao",
            "resolution": "8192x8192",
            "tier": 1,
            "type": "ao",
            "uri": "tier_1/uitlbiaga_8K_AO.jpg"
        },
        {
            "bitDepth": 16,
            "colorspace": "sRGB",
            "contentLength": 247252365,
            "mimeType": "image/x-exr",
            "name": "Basecolor",
            "resolution": "8192x8192",
            "tier": 1,
            "type": "basecolor",
            "uri": "tier_1/uitlbiaga_8K_Basecolor.exr"
        },
        {
            "bitDepth": 8,
            "colorspace": "sRGB",
            "contentLength": 41004470,
            "mimeType": "image/jpeg",
            "name": "Basecolor",
            "resolution": "8192x8192",
            "tier": 1,
            "type": "basecolor",
            "uri": "tier_1/uitlbiaga_8K_Basecolor.jpg"
        },
        {
            "bitDepth": 32,
            "colorspace": "linear",
            "contentLength": 176652268,
            "mimeType": "image/x-exr",
            "name": "Bump",
            "resolution": "8192x8192",
            "tier": 1,
            "type": "bump",
            "uri": "tier_1/uitlbiaga_8K_Bump.exr"
        },
        {
            "bitDepth": 8,
            "colorspace": "linear",
            "contentLength": 9149827,
            "mimeType": "image/jpeg",
            "name": "Bump",
            "resolution": "8192x8192",
            "tier": 1,
            "type": "bump",
            "uri": "tier_1/uitlbiaga_8K_Bump.jpg"
        },
        {
            "bitDepth": 32,
            "colorspace": "linear",
            "contentLength": 168057459,
            "mimeType": "image/x-exr",
            "name": "Cavity",
            "resolution": "8192x8192",
            "tier": 1,
            "type": "cavity",
            "uri": "tier_1/uitlbiaga_8K_Cavity.exr"
        },
        {
            "bitDepth": 8,
            "colorspace": "linear",
            "contentLength": 20459147,
            "mimeType": "image/jpeg",
            "name": "Cavity",
            "resolution": "8192x8192",
            "tier": 1,
            "type": "cavity",
            "uri": "tier_1/uitlbiaga_8K_Cavity.jpg"
        },
        {
            "bitDepth": 16,
            "colorspace": "sRGB",
            "contentLength": 236854028,
            "mimeType": "image/x-exr",
            "name": "Diffuse",
            "resolution": "8192x8192",
            "tier": 1,
            "type": "diffuse",
            "uri": "tier_1/uitlbiaga_8K_Diffuse.exr"
        },
        {
            "bitDepth": 8,
            "colorspace": "sRGB",
            "contentLength": 28886883,
            "mimeType": "image/jpeg",
            "name": "Diffuse",
            "resolution": "8192x8192",
            "tier": 1,
            "type": "diffuse",
            "uri": "tier_1/uitlbiaga_8K_Diffuse.jpg"
        },
        {
            "bias": 0.0,
            "bitDepth": 32,
            "colorspace": "linear",
            "contentLength": 266000393,
            "mimeType": "image/x-exr",
            "name": "Displacement",
            "resolution": "8192x8192",
            "scale": 1.0,
            "tier": 1,
            "type": "displacement",
            "uri": "tier_1/uitlbiaga_8K_Displacement.exr"
        },
        {
            "bias": 0.162965,
            "bitDepth": 8,
            "colorspace": "linear",
            "contentLength": 2376015,
            "mimeType": "image/jpeg",
            "name": "Displacement",
            "resolution": "8192x8192",
            "scale": 0.463248,
            "tier": 1,
            "type": "displacement",
            "uri": "tier_1/uitlbiaga_8K_Displacement.jpg"
        },
        {
            "bitDepth": 16,
            "colorspace": "linear",
            "contentLength": 189088291,
            "mimeType": "image/x-exr",
            "name": "Metalness",
            "resolution": "8192x8192",
            "tier": 1,
            "type": "metalness",
            "uri": "tier_1/uitlbiaga_8K_Metalness.exr"
        },
        {
            "bitDepth": 8,
            "colorspace": "linear",
            "contentLength": 32339282,
            "mimeType": "image/jpeg",
            "name": "Metalness",
            "resolution": "8192x8192",
            "tier": 1,
            "type": "metalness",
            "uri": "tier_1/uitlbiaga_8K_Metalness.jpg"
        },
        {
            "bitDepth": 16,
            "colorspace": "linear",
            "contentLength": 91780297,
            "mimeType": "image/x-exr",
            "name": "Normal",
            "resolution": "8192x8192",
            "tier": 1,
            "type": "normal",
            "uri": "tier_1/uitlbiaga_8K_Normal.exr"
        },
        {
            "bitDepth": 8,
            "colorspace": "linear",
            "contentLength": 26902190,
            "mimeType": "image/jpeg",
            "name": "Normal",
            "resolution": "8192x8192",
            "tier": 1,
            "type": "normal",
            "uri": "tier_1/uitlbiaga_8K_Normal.jpg"
        },
        {
            "bitDepth": 16,
            "colorspace": "linear",
            "contentLength": 211502418,
            "mimeType": "image/x-exr",
            "name": "Roughness",
            "resolution": "8192x8192",
            "tier": 1,
            "type": "roughness",
            "uri": "tier_1/uitlbiaga_8K_Roughness.exr"
        },
        {
            "bitDepth": 8,
            "colorspace": "linear",
            "contentLength": 40637069,
            "mimeType": "image/jpeg",
            "name": "Roughness",
            "resolution": "8192x8192",
            "tier": 1,
            "type": "roughness",
            "uri": "tier_1/uitlbiaga_8K_Roughness.jpg"
        },
        {
            "bitDepth": 16,
            "colorspace": "linear",
            "contentLength": 245288326,
            "mimeType": "image/x-exr",
            "name": "Specular",
            "resolution": "8192x8192",
            "tier": 1,
            "type": "specular",
            "uri": "tier_1/uitlbiaga_8K_Specular.exr"
        },
        {
            "bitDepth": 8,
            "colorspace": "linear",
            "contentLength": 35653402,
            "mimeType": "image/jpeg",
            "name": "Specular",
            "resolution": "8192x8192",
            "tier": 1,
            "type": "specular",
            "uri": "tier_1/uitlbiaga_8K_Specular.jpg"
        },
        {
            "bitDepth": 8,
            "colorspace": "linear",
            "contentLength": 27713602,
            "mimeType": "image/x-exr",
            "name": "Ao",
            "resolution": "8192x8192",
            "tier": 2,
            "type": "ao",
            "uri": "tier_2/uitlbiaga_8K_AO.exr"
        },
        {
            "bitDepth": 8,
            "colorspace": "linear",
            "contentLength": 11905865,
            "mimeType": "image/jpeg",
            "name": "Ao",
            "resolution": "8192x8192",
            "tier": 2,
            "type": "ao",
            "uri": "tier_2/uitlbiaga_8K_AO.jpg"
        },
        {
            "bitDepth": 16,
            "colorspace": "sRGB",
            "contentLength": 247252365,
            "mimeType": "image/x-exr",
            "name": "Basecolor",
            "resolution": "8192x8192",
            "tier": 2,
            "type": "basecolor",
            "uri": "tier_2/uitlbiaga_8K_Basecolor.exr"
        },
        {
            "bitDepth": 8,
            "colorspace": "sRGB",
            "contentLength": 41004470,
            "mimeType": "image/jpeg",
            "name": "Basecolor",
            "resolution": "8192x8192",
            "tier": 2,
            "type": "basecolor",
            "uri": "tier_2/uitlbiaga_8K_Basecolor.jpg"
        },
        {
            "bitDepth": 32,
            "colorspace": "linear",
            "contentLength": 176652268,
            "mimeType": "image/x-exr",
            "name": "Bump",
            "resolution": "8192x8192",
            "tier": 2,
            "type": "bump",
            "uri": "tier_2/uitlbiaga_8K_Bump.exr"
        },
        {
            "bitDepth": 8,
            "colorspace": "linear",
            "contentLength": 9149827,
            "mimeType": "image/jpeg",
            "name": "Bump",
            "resolution": "8192x8192",
            "tier": 2,
            "type": "bump",
            "uri": "tier_2/uitlbiaga_8K_Bump.jpg"
        },
        {
            "bitDepth": 32,
            "colorspace": "linear",
            "contentLength": 168057459,
            "mimeType": "image/x-exr",
            "name": "Cavity",
            "resolution": "8192x8192",
            "tier": 2,
            "type": "cavity",
            "uri": "tier_2/uitlbiaga_8K_Cavity.exr"
        },
        {
            "bitDepth": 8,
            "colorspace": "linear",
            "contentLength": 20459147,
            "mimeType": "image/jpeg",
            "name": "Cavity",
            "resolution": "8192x8192",
            "tier": 2,
            "type": "cavity",
            "uri": "tier_2/uitlbiaga_8K_Cavity.jpg"
        },
        {
            "bitDepth": 16,
            "colorspace": "sRGB",
            "contentLength": 236854028,
            "mimeType": "image/x-exr",
            "name": "Diffuse",
            "resolution": "8192x8192",
            "tier": 2,
            "type": "diffuse",
            "uri": "tier_2/uitlbiaga_8K_Diffuse.exr"
        },
        {
            "bitDepth": 8,
            "colorspace": "sRGB",
            "contentLength": 28886883,
            "mimeType": "image/jpeg",
            "name": "Diffuse",
            "resolution": "8192x8192",
            "tier": 2,
            "type": "diffuse",
            "uri": "tier_2/uitlbiaga_8K_Diffuse.jpg"
        },
        {
            "bitDepth": 16,
            "colorspace": "linear",
            "contentLength": 189088291,
            "mimeType": "image/x-exr",
            "name": "Metalness",
            "resolution": "8192x8192",
            "tier": 2,
            "type": "metalness",
            "uri": "tier_2/uitlbiaga_8K_Metalness.exr"
        },
        {
            "bitDepth": 8,
            "colorspace": "linear",
            "contentLength": 32339282,
            "mimeType": "image/jpeg",
            "name": "Metalness",
            "resolution": "8192x8192",
            "tier": 2,
            "type": "metalness",
            "uri": "tier_2/uitlbiaga_8K_Metalness.jpg"
        },
        {
            "bitDepth": 16,
            "colorspace": "linear",
            "contentLength": 94075341,
            "mimeType": "image/x-exr",
            "name": "Normal",
            "resolution": "8192x8192",
            "tier": 2,
            "type": "normal",
            "uri": "tier_2/uitlbiaga_8K_Normal.exr"
        },
        {
            "bitDepth": 8,
            "colorspace": "linear",
            "contentLength": 21565583,
            "mimeType": "image/jpeg",
            "name": "Normal",
            "resolution": "8192x8192",
            "tier": 2,
            "type": "normal",
            "uri": "tier_2/uitlbiaga_8K_Normal.jpg"
        },
        {
            "bitDepth": 16,
            "colorspace": "linear",
            "contentLength": 211502418,
            "mimeType": "image/x-exr",
            "name": "Roughness",
            "resolution": "8192x8192",
            "tier": 2,
            "type": "roughness",
            "uri": "tier_2/uitlbiaga_8K_Roughness.exr"
        },
        {
            "bitDepth": 8,
            "colorspace": "linear",
            "contentLength": 40637069,
            "mimeType": "image/jpeg",
            "name": "Roughness",
            "resolution": "8192x8192",
            "tier": 2,
            "type": "roughness",
            "uri": "tier_2/uitlbiaga_8K_Roughness.jpg"
        },
        {
            "bitDepth": 16,
            "colorspace": "linear",
            "contentLength": 245288326,
            "mimeType": "image/x-exr",
            "name": "Specular",
            "resolution": "8192x8192",
            "tier": 2,
            "type": "specular",
            "uri": "tier_2/uitlbiaga_8K_Specular.exr"
        },
        {
            "bitDepth": 8,
            "colorspace": "linear",
            "contentLength": 35653402,
            "mimeType": "image/jpeg",
            "name": "Specular",
            "resolution": "8192x8192",
            "tier": 2,
            "type": "specular",
            "uri": "tier_2/uitlbiaga_8K_Specular.jpg"
        },
        {
            "bitDepth": 8,
            "colorspace": "linear",
            "contentLength": 1379596,
            "mimeType": "image/jpeg",
            "name": "Ao",
            "resolution": "4096x4096",
            "tier": 3,
            "type": "ao",
            "uri": "tier_3/uitlbiaga_4K_AO.jpg"
        },
        {
            "bitDepth": 8,
            "colorspace": "sRGB",
            "contentLength": 5287386,
            "mimeType": "image/jpeg",
            "name": "Basecolor",
            "resolution": "4096x4096",
            "tier": 3,
            "type": "basecolor",
            "uri": "tier_3/uitlbiaga_4K_Basecolor.jpg"
        },
        {
            "bitDepth": 8,
            "colorspace": "sRGB",
            "contentLength": 4505353,
            "mimeType": "image/jpeg",
            "name": "Diffuse",
            "resolution": "4096x4096",
            "tier": 3,
            "type": "diffuse",
            "uri": "tier_3/uitlbiaga_4K_Diffuse.jpg"
        },
        {
            "bitDepth": 8,
            "colorspace": "linear",
            "contentLength": 5938240,
            "mimeType": "image/jpeg",
            "name": "Metalness",
            "resolution": "4096x4096",
            "tier": 3,
            "type": "metalness",
            "uri": "tier_3/uitlbiaga_4K_Metalness.jpg"
        },
        {
            "bitDepth": 8,
            "colorspace": "linear",
            "contentLength": 4085731,
            "mimeType": "image/jpeg",
            "name": "Normal",
            "resolution": "4096x4096",
            "tier": 3,
            "type": "normal",
            "uri": "tier_3/uitlbiaga_4K_Normal.jpg"
        },
        {
            "bitDepth": 8,
            "colorspace": "linear",
            "contentLength": 5663430,
            "mimeType": "image/jpeg",
            "name": "Roughness",
            "resolution": "4096x4096",
            "tier": 3,
            "type": "roughness",
            "uri": "tier_3/uitlbiaga_4K_Roughness.jpg"
        }
    ],
    "meta": [
        {
            "key": "assembly",
            "name": "Assembly",
            "value": "false"
        },
        {
            "key": "small3dasset",
            "name": "Small3dAsset",
            "value": "false"
        },
        {
            "key": "color",
            "name": "Color",
            "value": "Brown"
        },
        {
            "key": "points",
            "name": "Points",
            "value": 4
        },
        {
            "key": "texelDensity",
            "name": "Texel Density",
            "value": "262 px/m"
        },
        {
            "key": "splitSubmeshes",
            "name": "Split Submeshes",
            "value": true
        },
        {
            "key": "isScaleFixed",
            "name": "Is scale fixed",
            "value": "true"
        },
        {
            "key": "length",
            "name": "Length",
            "value": "0.18m"
        },
        {
            "key": "width",
            "name": "Width",
            "value": "0.05m"
        },
        {
            "key": "height",
            "name": "Height",
            "value": "1.03m"
        }
    ],
    "models": [
        {
            "content_length": 41997280,
            "faces": 1000000,
            "mimeType": "application/x-fbx",
            "tier": 0,
            "type": "original",
            "uri": "tier_0/uitlbiaga.fbx",
            "vertices": 565987
        },
        {
            "content_length": 664814380,
            "tier": 0,
            "type": "original",
            "uri": "tier_0/uitlbiaga.ztl"
        },
        {
            "content_length": 476944,
            "faces": 13880,
            "mimeType": "application/x-fbx",
            "tier": 1,
            "type": "original",
            "uri": "tier_1/uitlbiaga.fbx",
            "vertices": 8082
        },
        {
            "content_length": 276816,
            "faces": 7772,
            "mimeType": "application/x-fbx",
            "tier": 2,
            "type": "original",
            "uri": "tier_2/uitlbiaga.fbx",
            "vertices": 4934
        },
        {
            "content_length": 53456,
            "faces": 302,
            "mimeType": "application/x-fbx",
            "tier": 3,
            "type": "original",
            "uri": "tier_3/uitlbiaga.fbx",
            "vertices": 330
        }
    ],
    "name": "Sword",
    "pack": {
        "_id": "swords-and-daggers",
        "name": "Swords and Daggers"
    },
    "physicalSize": "1x1",
    "points": 4,
    "previews": {
        "images": [
            {
                "contentLength": 458777,
                "resolution": "1920x1080",
                "uri": "uitlbiaga_preview.png"
            }
        ]
    },
    "process_date": "2024-10-04 19:48:11",
    "properties": [
        {
            "key": "size",
            "value": "medium"
        },
        {
            "key": "mesh type",
            "value": "Closed"
        }
    ],
    "references": [],
    "revised": false,
    "revision": 0,
    "semanticTags": {
        "3d_mesh": "Closed",
        "architectural_style": {},
        "asset_type": "3D asset",
        "color": [
            "Brown",
            "Gray"
        ],
        "contains": [
            "metal",
            "sword",
            "weapon",
            "blade",
            "grip"
        ],
        "country": "United Kingdom",
        "descriptive": [
            "dirty",
            "rusty",
            "worn",
            "sharp",
            "lethal"
        ],
        "environment": [
            "medieval"
        ],
        "industry": [
            "archviz",
            "games",
            "VFX"
        ],
        "interior_exterior": [
            "interior",
            "exterior"
        ],
        "locations": {
            "Europe": {
                "United Kingdom": {}
            }
        },
        "maxSize": 1.03,
        "minSize": 0.05,
        "name": "Sword",
        "region": "Europe",
        "resolution": 8192,
        "state": [
            "old"
        ],
        "subject_matter": "manmade",
        "theme": [
            "medieval",
            "war",
            "battle",
            "weaponry",
            "warrior",
            "knight",
            "assassin"
        ]
    },
    "tags": [
        "medieval",
        "war",
        "battle",
        "weaponry",
        "warrior",
        "knight",
        "assassin",
        "metal",
        "sword",
        "weapon",
        "blade",
        "grip",
        "old",
        "dirty",
        "rusty",
        "worn",
        "sharp",
        "lethal"
    ],
    "texelDensity": 6068,
    "texture_type": "metal",
    "uasset": [
        {
            "mimeType": "uasset",
            "tier": 0,
            "type": "model",
            "ueVersion": "5.0.0",
            "uri": "uitlbiaga/UAsset/Tier0/S_Sword_uitlbiaga_high_Var1.uasset"
        },
        {
            "mimeType": "uasset",
            "tier": 0,
            "type": "material",
            "ueVersion": "5.0.0",
            "uri": "uitlbiaga/UAsset/Tier0/MI_Sword_uitlbiaga_8K.uasset"
        },
        {
            "mimeType": "uasset",
            "sub-type": "dr",
            "tier": 0,
            "type": "map",
            "ueVersion": "5.0.0",
            "uri": "uitlbiaga/UAsset/Tier0/T_Sword_uitlbiaga_8K_DpR.uasset"
        },
        {
            "mimeType": "uasset",
            "sub-type": "albedo",
            "tier": 0,
            "type": "map",
            "ueVersion": "5.0.0",
            "uri": "uitlbiaga/UAsset/Tier0/T_Sword_uitlbiaga_8K_D.uasset"
        },
        {
            "mimeType": "uasset",
            "sub-type": "normal",
            "tier": 0,
            "type": "map",
            "ueVersion": "5.0.0",
            "uri": "uitlbiaga/UAsset/Tier0/T_Sword_uitlbiaga_8K_N.uasset"
        },
        {
            "mimeType": "json",
            "tier": 0,
            "type": "meta",
            "ueVersion": "5.0.0",
            "uri": "uitlbiaga/UAsset/Tier0/uitlbiaga_0.json"
        },
        {
            "mimeType": "uasset",
            "tier": 1,
            "type": "model",
            "ueVersion": "5.0.0",
            "uri": "uitlbiaga/UAsset/Tier1/S_Sword_uitlbiaga_lod0_Var1.uasset"
        },
        {
            "mimeType": "uasset",
            "tier": 1,
            "type": "material",
            "ueVersion": "5.0.0",
            "uri": "uitlbiaga/UAsset/Tier1/MI_Sword_uitlbiaga_4K.uasset"
        },
        {
            "mimeType": "uasset",
            "sub-type": "dr",
            "tier": 1,
            "type": "map",
            "ueVersion": "5.0.0",
            "uri": "uitlbiaga/UAsset/Tier1/T_Sword_uitlbiaga_4K_DpR.uasset"
        },
        {
            "mimeType": "uasset",
            "sub-type": "albedo",
            "tier": 1,
            "type": "map",
            "ueVersion": "5.0.0",
            "uri": "uitlbiaga/UAsset/Tier1/T_Sword_uitlbiaga_4K_D.uasset"
        },
        {
            "mimeType": "uasset",
            "sub-type": "normal",
            "tier": 1,
            "type": "map",
            "ueVersion": "5.0.0",
            "uri": "uitlbiaga/UAsset/Tier1/T_Sword_uitlbiaga_4K_N.uasset"
        },
        {
            "mimeType": "json",
            "tier": 1,
            "type": "meta",
            "ueVersion": "5.0.0",
            "uri": "uitlbiaga/UAsset/Tier1/uitlbiaga_1.json"
        },
        {
            "mimeType": "uasset",
            "tier": 2,
            "type": "model",
            "ueVersion": "5.0.0",
            "uri": "uitlbiaga/UAsset/Tier2/S_Sword_uitlbiaga_lod3_Var1.uasset"
        },
        {
            "mimeType": "uasset",
            "tier": 2,
            "type": "material",
            "ueVersion": "5.0.0",
            "uri": "uitlbiaga/UAsset/Tier2/MI_Sword_uitlbiaga_2K.uasset"
        },
        {
            "mimeType": "uasset",
            "sub-type": "dr",
            "tier": 2,
            "type": "map",
            "ueVersion": "5.0.0",
            "uri": "uitlbiaga/UAsset/Tier2/T_Sword_uitlbiaga_2K_DpR.uasset"
        },
        {
            "mimeType": "uasset",
            "sub-type": "albedo",
            "tier": 2,
            "type": "map",
            "ueVersion": "5.0.0",
            "uri": "uitlbiaga/UAsset/Tier2/T_Sword_uitlbiaga_2K_D.uasset"
        },
        {
            "mimeType": "uasset",
            "sub-type": "normal",
            "tier": 2,
            "type": "map",
            "ueVersion": "5.0.0",
            "uri": "uitlbiaga/UAsset/Tier2/T_Sword_uitlbiaga_2K_N.uasset"
        },
        {
            "mimeType": "json",
            "tier": 2,
            "type": "meta",
            "ueVersion": "5.0.0",
            "uri": "uitlbiaga/UAsset/Tier2/uitlbiaga_2.json"
        },
        {
            "mimeType": "uasset",
            "tier": 3,
            "type": "model",
            "ueVersion": "5.0.0",
            "uri": "uitlbiaga/UAsset/Tier3/S_Sword_uitlbiaga_lod5_Var1.uasset"
        },
        {
            "mimeType": "uasset",
            "tier": 3,
            "type": "material",
            "ueVersion": "5.0.0",
            "uri": "uitlbiaga/UAsset/Tier3/MI_Sword_uitlbiaga_1K.uasset"
        },
        {
            "mimeType": "uasset",
            "sub-type": "dr",
            "tier": 3,
            "type": "map",
            "ueVersion": "5.0.0",
            "uri": "uitlbiaga/UAsset/Tier3/T_Sword_uitlbiaga_1K_DpR.uasset"
        },
        {
            "mimeType": "uasset",
            "sub-type": "albedo",
            "tier": 3,
            "type": "map",
            "ueVersion": "5.0.0",
            "uri": "uitlbiaga/UAsset/Tier3/T_Sword_uitlbiaga_1K_D.uasset"
        },
        {
            "mimeType": "uasset",
            "sub-type": "normal",
            "tier": 3,
            "type": "map",
            "ueVersion": "5.0.0",
            "uri": "uitlbiaga/UAsset/Tier3/T_Sword_uitlbiaga_1K_N.uasset"
        },
        {
            "mimeType": "json",
            "tier": 3,
            "type": "meta",
            "ueVersion": "5.0.0",
            "uri": "uitlbiaga/UAsset/Tier3/uitlbiaga_3.json"
        },
        {
            "mimeType": "uasset",
            "tier": 4,
            "type": "model",
            "ueVersion": "5.0.0",
            "uri": "uitlbiaga/UAsset/Tier4/S_Sword_uitlbiaga_lod5_Var1.uasset"
        },
        {
            "mimeType": "uasset",
            "tier": 4,
            "type": "material",
            "ueVersion": "5.0.0",
            "uri": "uitlbiaga/UAsset/Tier4/MI_Sword_uitlbiaga_1K.uasset"
        },
        {
            "mimeType": "uasset",
            "sub-type": "albedo",
            "tier": 4,
            "type": "map",
            "ueVersion": "5.0.0",
            "uri": "uitlbiaga/UAsset/Tier4/T_Sword_uitlbiaga_1K_D.uasset"
        },
        {
            "mimeType": "uasset",
            "sub-type": "normal",
            "tier": 4,
            "type": "map",
            "ueVersion": "5.0.0",
            "uri": "uitlbiaga/UAsset/Tier4/T_Sword_uitlbiaga_1K_N.uasset"
        },
        {
            "mimeType": "json",
            "tier": 4,
            "type": "meta",
            "ueVersion": "5.0.0",
            "uri": "uitlbiaga/UAsset/Tier4/uitlbiaga_4.json"
        }
    ],
    "ue_plugin_archives": [
        {
            "contentLength": 289213958,
            "gltfVersion": "2.0",
            "tier": 0,
            "type": "gltf",
            "uri": "ue_plugin_archives/tier_0/uitlbiaga_tier_0.zip",
            "version": 1
        },
        {
            "contentLength": 70091825,
            "gltfVersion": "2.0",
            "tier": 1,
            "type": "gltf",
            "uri": "ue_plugin_archives/tier_1/uitlbiaga_tier_1.zip",
            "version": 1
        },
        {
            "contentLength": 18503430,
            "gltfVersion": "2.0",
            "tier": 2,
            "type": "gltf",
            "uri": "ue_plugin_archives/tier_2/uitlbiaga_tier_2.zip",
            "version": 1
        },
        {
            "contentLength": 1335867,
            "gltfVersion": "2.0",
            "tier": 3,
            "type": "gltf",
            "uri": "ue_plugin_archives/tier_3/uitlbiaga_tier_3.zip",
            "version": 1
        }
    ],
    "version": 2
}